                  epoch,         train/box_loss,         train/cls_loss,         train/dfl_loss,   metrics/precision(B),      metrics/recall(B),       metrics/mAP50(B),    metrics/mAP50-95(B),           val/box_loss,           val/cls_loss,           val/dfl_loss,                 lr/pg0,                 lr/pg1,                 lr/pg2
                      1,                 2.1943,                 36.187,                 2.1439,                  1e-05,                 0.0137,                  1e-05,                      0,                 3.8562,                 21.322,                 3.1078,             0.00021816,             0.00021816,             0.00021816
                      2,                 1.9238,                 32.979,                 1.7047,                  2e-05,                0.01736,                  2e-05,                      0,                 3.2098,                 12.659,                 3.1546,             0.00042777,             0.00042777,             0.00042777
                      3,                 2.2594,                 25.509,                 2.0038,                  2e-05,                0.01759,                  3e-05,                  1e-05,                  3.034,                 12.148,                 3.0791,             0.00061939,             0.00061939,             0.00061939
                      4,                 1.9206,                 29.623,                  1.734,                  3e-05,                0.02725,                  3e-05,                  1e-05,                 3.0171,                 11.859,                 3.0492,               0.000793,               0.000793,               0.000793
