                  epoch,         train/box_loss,         train/cls_loss,         train/dfl_loss,   metrics/precision(B),      metrics/recall(B),       metrics/mAP50(B),    metrics/mAP50-95(B),           val/box_loss,           val/cls_loss,           val/dfl_loss,                 lr/pg0,                 lr/pg1,                 lr/pg2
                      1,                 2.1943,                 36.187,                 2.1439,                  1e-05,                 0.0137,                  1e-05,                      0,                 3.8562,                 21.322,                 3.1078,             0.00021816,             0.00021816,             0.00021816
                      2,                 1.9326,                  32.98,                 1.7075,                  2e-05,                0.01273,                  1e-05,                      0,                  3.222,                 13.091,                 3.1524,             0.00035722,             0.00035722,             0.00035722
                      3,                 2.1782,                 26.842,                 1.9959,                  3e-05,                0.02222,                  3e-05,                  1e-05,                 3.0626,                 12.589,                 3.0725,             0.00040629,             0.00040629,             0.00040629
                      4,                 1.8966,                 30.962,                 1.7293,                  4e-05,                0.02222,                  4e-05,                  1e-05,                 3.0416,                 12.747,                 3.0356,             0.00036536,             0.00036536,             0.00036536
                      5,                 1.7799,                 24.149,                 1.7946,                  5e-05,                0.02593,                0.00014,                  3e-05,                 2.9971,                 12.837,                 2.9825,             0.00018907,             0.00018907,             0.00018907
